-- ===================== 카테고리 =====================
INSERT INTO tbl_category (category_name)
VALUES
    ('피부과'), ('안과'), ('치과'), ('비뇨의학과'), ('산부인과'), ('한방과'), ('신경과'),
    ('재활의학과'), ('정신건강의학과'), ('응급의학과'), ('마취통증의학과'), ('방사선종양학과'),
    ('영상의학과'), ('진단검사의학과'), ('직업환경의학과'), ('가정의학과'), ('소아청소년과'),
    ('이비인후과'), ('소화기내과'), ('호흡기내과'), ('감염내과'), ('알레르기내과'), ('내분비내과'),
    ('순환기내과'), ('신장내과'), ('류마티스내과'), ('혈액종양내과'), ('성형외과'), ('정형외과'),
    ('신경외과'), ('대장항문외과'), ('흉부외과'), ('외과');

-- ===================== 게시글 =====================
INSERT INTO tbl_consultation_post
(member_id, consultation_post_title, consultation_post_content, consultation_post_status, created_datetime, updated_datetime)
VALUES
    (31, '피부 트러블 관련 상담', '최근 얼굴에 여드름이 심해졌는데 치료 방법이 있을까요?', 'ACTIVE', NOW(), NOW()),
    (32, '눈이 자주 피로해요', '컴퓨터 작업 후 눈이 쉽게 피로해요. 어떻게 해야 하나요?', 'ACTIVE', NOW(), NOW()),
    (33, '치아 통증 문의', '최근 치아가 시리고 통증이 있어 상담드립니다.', 'ACTIVE', NOW(), NOW()),
    (34, '소화불량 고민', '식사 후 속이 자주 더부룩하고 불편합니다.', 'ACTIVE', NOW(), NOW()),
    (35, '운동 후 허리 통증', '운동 후 허리 통증이 심한데 치료 방법이 있을까요?', 'ACTIVE', NOW(), NOW()),
    (36, '수면 문제 상담', '최근 잠을 잘 못 자고 피로가 계속됩니다.', 'ACTIVE', NOW(), NOW()),
    (37, '감기 증상 관련 질문', '열과 기침이 있습니다. 치료가 필요할까요?', 'ACTIVE', NOW(), NOW()),
    (38, '피부 알레르기', '손등에 발진과 가려움이 있는데 어떻게 해야 하나요?', 'ACTIVE', NOW(), NOW()),
    (39, '임신 초기 상담', '임신 초기인데 복통과 출혈이 있습니다.', 'ACTIVE', NOW(), NOW()),
    (40, '심장 박동 이상', '가끔 심장이 빨리 뛰는 느낌이 듭니다.', 'ACTIVE', NOW(), NOW());

-- ===================== 답변글 =====================
INSERT INTO tbl_counsel_reply
(counsel_reply_content, counsel_reply_status, counsel_reply_acceptance, doctor_id, consultation_post_id, created_datetime, updated_datetime)
VALUES
    ('여드름 치료에는 스킨케어 관리와 필요시 약물치료가 도움이 됩니다.', 'active', 'accepted', 1, 1, NOW(), NOW()),
    ('눈 피로는 눈 운동과 휴식이 필요합니다.', 'active', 'accepted', 28, 2, NOW(), NOW()),
    ('치아 통증은 가까운 치과에서 정확한 검진을 받으시는 것이 좋습니다.', 'active', 'accepted', 28, 3, NOW(), NOW()),
    ('소화불량의 경우 식습관 조절과 필요시 내과 진료를 권장드립니다.', 'active', 'accepted', 1, 4, NOW(), NOW()),
    ('운동 후 허리 통증은 스트레칭과 물리치료가 도움이 될 수 있습니다.', 'active', 'accepted', 12, 5, NOW(), NOW()),
    ('수면 문제는 규칙적인 생활과 필요시 상담을 권장합니다.', 'active', 'accepted', 19, 6, NOW(), NOW()),
    ('감기 증상은 충분한 휴식과 수분 섭취가 필요합니다.', 'active', 'accepted', 6, 7, NOW(), NOW()),
    ('피부 알레르기는 항히스타민제 사용 및 병원 진료가 필요합니다.', 'active', 'accepted', 20, 8, NOW(), NOW()),
    ('임신 초기 복통과 출혈은 산부인과 방문이 필요합니다.', 'active', 'accepted', 11, 9, NOW(), NOW()),
    ('심장 박동 이상은 정확한 검진을 위해 내과 방문이 필요합니다.', 'active', 'accepted', 24, 10, NOW(), NOW());


-- ===================== 게시글-카테고리 매핑 =====================
INSERT INTO tbl_consultation_post_category (consultation_post_id, category_id)
VALUES
    (1, 1), -- 피부과
    (1,7),
    (2, 2),  -- 안과
    (3, 3),  -- 치과
    (4, 19), -- 소화기내과
    (5, 10), -- 외과
    (5,30),
    (6, 16), -- 가정의학과
    (7, 10), -- 응급의학과
    (8, 1),  -- 피부과
    (8,6),
    (9, 5),  -- 산부인과
    (10, 25); -- 순환기내과

INSERT INTO tbl_review (review_rating, review_content, review_status, member_id, doctor_id, created_datetime, updated_datetime)
VALUES
    (5, '친절하고 전문적이에요.', 'active', 31, 1, '2025-08-23 10:00:00', '2025-08-23 10:00:00'),
    (4, '상담이 좋았습니다.', 'active', 32, 1, '2025-08-23 10:05:00', '2025-08-23 10:05:00'),
    (5, '추천합니다.', 'active', 33, 2, '2025-08-23 10:10:00', '2025-08-23 10:10:00'),
    (3, '조금 아쉬웠어요.', 'active', 34, 2, '2025-08-23 10:15:00', '2025-08-23 10:15:00'),
    (4, '편안하게 상담받았어요.', 'active', 35, 3, '2025-08-23 10:20:00', '2025-08-23 10:20:00'),
    (5, '설명도 명확하고 친절했어요.', 'active', 36, 3, '2025-08-23 10:25:00', '2025-08-23 10:25:00'),
    (4, '재방문의사 있습니다.', 'active', 37, 4, '2025-08-23 10:30:00', '2025-08-23 10:30:00'),
    (2, '기다림이 길었어요.', 'active', 38, 4, '2025-08-23 10:35:00', '2025-08-23 10:35:00'),
    (5, '정말 만족합니다.', 'active', 39, 5, '2025-08-23 10:40:00', '2025-08-23 10:40:00'),
    (3, '조금 서둘러 진행된 느낌.', 'active', 40, 5, '2025-08-23 10:45:00', '2025-08-23 10:45:00'),
    (5, '친절하고 꼼꼼했어요.', 'active', 31, 6, '2025-08-23 10:50:00', '2025-08-23 10:50:00'),
    (4, '좋은 경험이었어요.', 'active', 32, 6, '2025-08-23 10:55:00', '2025-08-23 10:55:00'),
    (5, '다음에도 방문할 거예요.', 'active', 33, 7, '2025-08-23 11:00:00', '2025-08-23 11:00:00'),
    (3, '설명이 부족했어요.', 'active', 34, 7, '2025-08-23 11:05:00', '2025-08-23 11:05:00'),
    (4, '친절한 상담 감사합니다.', 'active', 35, 8, '2025-08-23 11:10:00', '2025-08-23 11:10:00'),
    (5, '만족스러운 경험이었어요.', 'active', 36, 8, '2025-08-23 11:15:00', '2025-08-23 11:15:00'),
    (4, '좋은 의사 선생님입니다.', 'active', 37, 9, '2025-08-23 11:20:00', '2025-08-23 11:20:00'),
    (2, '조금 불편했어요.', 'active', 38, 9, '2025-08-23 11:25:00', '2025-08-23 11:25:00'),
    (5, '추천드려요.', 'active', 39, 10, '2025-08-23 11:30:00', '2025-08-23 11:30:00'),
    (3, '기대보다는 별로였어요.', 'active', 40, 10, '2025-08-23 11:35:00', '2025-08-23 11:35:00'),
    (4, '친절하고 전문적이에요.', 'active', 31, 11, '2025-08-23 11:40:00', '2025-08-23 11:40:00'),
    (5, '상담이 좋았습니다.', 'active', 32, 11, '2025-08-23 11:45:00', '2025-08-23 11:45:00'),
    (4, '추천합니다.', 'active', 33, 12, '2025-08-23 11:50:00', '2025-08-23 11:50:00'),
    (3, '조금 아쉬웠어요.', 'active', 34, 12, '2025-08-23 11:55:00', '2025-08-23 11:55:00'),
    (5, '편안하게 상담받았어요.', 'active', 35, 13, '2025-08-23 12:00:00', '2025-08-23 12:00:00'),
    (4, '설명도 명확하고 친절했어요.', 'active', 36, 13, '2025-08-23 12:05:00', '2025-08-23 12:05:00'),
    (5, '재방문의사 있습니다.', 'active', 37, 14, '2025-08-23 12:10:00', '2025-08-23 12:10:00'),
    (2, '기다림이 길었어요.', 'active', 38, 14, '2025-08-23 12:15:00', '2025-08-23 12:15:00'),
    (5, '정말 만족합니다.', 'active', 39, 15, '2025-08-23 12:20:00', '2025-08-23 12:20:00'),
    (3, '조금 서둘러 진행된 느낌.', 'active', 40, 15, '2025-08-23 12:25:00', '2025-08-23 12:25:00'),
    (5, '친절하고 꼼꼼했어요.', 'active', 31, 16, '2025-08-23 12:30:00', '2025-08-23 12:30:00'),
    (4, '좋은 경험이었어요.', 'active', 32, 16, '2025-08-23 12:35:00', '2025-08-23 12:35:00'),
    (5, '다음에도 방문할 거예요.', 'active', 33, 17, '2025-08-23 12:40:00', '2025-08-23 12:40:00'),
    (3, '설명이 부족했어요.', 'active', 34, 17, '2025-08-23 12:45:00', '2025-08-23 12:45:00'),
    (4, '친절한 상담 감사합니다.', 'active', 35, 18, '2025-08-23 12:50:00', '2025-08-23 12:50:00'),
    (5, '만족스러운 경험이었어요.', 'active', 36, 18, '2025-08-23 12:55:00', '2025-08-23 12:55:00'),
    (4, '좋은 의사 선생님입니다.', 'active', 37, 19, '2025-08-23 13:00:00', '2025-08-23 13:00:00'),
    (2, '조금 불편했어요.', 'active', 38, 19, '2025-08-23 13:05:00', '2025-08-23 13:05:00'),
    (5, '추천드려요.', 'active', 39, 20, '2025-08-23 13:10:00', '2025-08-23 13:10:00'),
    (3, '기대보다는 별로였어요.', 'active', 40, 20, '2025-08-23 13:15:00', '2025-08-23 13:15:00');

INSERT INTO tbl_house_call
(house_call_patient_name, house_call_pain_level, house_call_patient_age, house_call_patient_gender,
 house_call_patient_phone, house_call_preferred_visit_date, house_call_content, house_call_status, visit_status, member_id)
VALUES
    ('김사용1', 3, 28, 'male', '010-1144-1111', '2025-08-20 10:00:00', '머리가 아파요', 'active', 'completed', 31),
    ('이사용2', 2, 35, 'female', '010-1144-2222', '2025-08-21 11:00:00', '허리가 아파요', 'active', 'pending', 32),
    ('박사용3', 4, 40, 'male', '010-1144-3333', '2025-08-22 09:30:00', '감기 증상', 'active', 'completed', 33),
    ('최사용4', 1, 25, 'female', '010-1144-4444', '2025-08-23 14:00:00', '피부 발진', 'active', 'pending', 34),
    ('정사용5', 5, 50, 'male', '010-1144-5555', '2025-08-24 16:30:00', '무릎 통증', 'active', 'completed', 35),
    ('한사용6', 2, 29, 'male', '010-1144-6666', '2025-08-25 10:15:00', '목이 아파요', 'active', 'completed', 36),
    ('오사용7', 3, 33, 'female', '010-1144-7777', '2025-08-26 11:45:00', '소화불량', 'active', 'pending', 37),
    ('서사용8', 4, 38, 'male', '010-1144-8888', '2025-08-27 13:00:00', '눈 통증', 'active', 'completed', 38),
    ('신사용9', 1, 22, 'female', '010-1144-9999', '2025-08-28 09:00:00', '기침', 'active', 'pending', 39),
    ('권사용10', 5, 45, 'male', '010-1144-0000', '2025-08-29 15:30:00', '허리 통증', 'active', 'completed', 40);


-- 2. tbl_house_call_doctor 더미 데이터 (house_call_id 1~10, doctor_id 랜덤 선택)
INSERT INTO tbl_house_call_doctor (house_call_id, doctor_id) VALUES
     (1, 1),
     (2, 2),
     (3, 3),
     (4, 4),
     (5, 5),
     (6, 6),
     (7, 7),
     (8, 8),
     (9, 9),
     (10, 10);

INSERT INTO tbl_house_call
(house_call_patient_name, house_call_pain_level, house_call_patient_age, house_call_patient_gender,
 house_call_patient_phone, house_call_preferred_visit_date, house_call_content, house_call_status, visit_status, member_id)
VALUES
    ('김사용1', 3, 28, 'male', '010-1144-1111', '2025-08-20 10:00:00', '머리가 아파요', 'active', 'completed', 31);

-- tbl_house_call_doctor
INSERT INTO tbl_house_call_doctor
(house_call_id, doctor_id)
VALUES
    (LAST_INSERT_ID(), 1);


select * from tbl_category;
select * from tbl_consultation_post;
select * from tbl_counsel_reply;
select * from tbl_consultation_post_category;
select * from tbl_review;
select * from tbl_house_call;
select * from tbl_house_call_doctor;
SELECT COUNT(*)
FROM tbl_house_call hc
         JOIN tbl_house_call_doctor hcd ON hc.id = hcd.house_call_id
WHERE hc.member_id = 31
  AND hcd.doctor_id = 1
  AND hc.visit_status = 'completed';



